<?xml version="1.0" encoding="UTF-8"?>
<XMLDB PATH="local/gradereport_submit/db" VERSION="2023100600" COMMENT="Grade report submission plugin">
  <TABLE NAME="gradereport_submissions" COMMENT="Stores submitted gradebook reports">
    <FIELD NAME="id" TYPE="int" LENGTH="10" NOTNULL="true" SEQUENCE="true"/>
    <FIELD NAME="courseid" TYPE="int" LENGTH="10" NOTNULL="true"/>
    <FIELD NAME="userid" TYPE="int" LENGTH="10" NOTNULL="true"/>
    <FIELD NAME="reportdata" TYPE="text" NOTNULL="true"/>
    <FIELD NAME="approved" TYPE="int" LENGTH="1" NOTNULL="true" DEFAULT="0"/>
    <KEYS>
      <KEY NAME="primary" TYPE="primary" FIELDS="id"/>
    </KEYS>
  </TABLE>
</XMLDB>
